<?xml version="1.0" encoding="UTF-8" standalone="yes"?>
<addon id="plugin.video.CanerKODI" name="Caner KODI" version="1.0.0" provider-name="ozbeceriksizler.com">
  <requires>
    <import addon="xbmc.python" version="2.1.0"/>
  </requires>
  <extension point="xbmc.python.pluginsource" library="default.py">
        <provides>video executable</provides>
  </extension>
  <extension point="xbmc.addon.metadata">
		<summary lang="en">Build Wizards</summary>
		<description lang="en">In this wizard you will find the latest Builds from CanerKODI </description>
		<disclaimer lang="en">Visit ozbeceriksizler.com for more info.</disclaimer>
		<forum>http://ozbeceriksizler.com</forum>
		<source>http://ozbeceriksizler.com</source>
		<website>https://ozbeceriksizler.com</website>
		<platform>all</platform>
	</extension>
</addon>
